Oakland home improvement,https://bestvaluehomeimprovements.com/,https://www.oakgov.com/advantageoakland/communities/Pages/Home-Improvement-Program-and-Contractor-Opportunities-.aspx,https://www.yelp.com/biz/best-value-home-improvements-oakland,https://www.lowes.com/store/FL-Oakland%20Park/0754,http://www2.oaklandnet.com/government/o/hcd/s/HousingRepairRehabPrograms/DOWD008717,http://www.prideandjoykitchens.com/,http://www2.oaklandnet.com/government/o/hcd/s/HousingRepairRehabPrograms/index.htm,http://www.ecohomeimprovement.com/,http://www.springfield-twp.us/Departments/Parks%20&%20Recreation/Links/2015_CHI_Home_Improvement_Brochure_v5.pdf,https://www.homeadvisor.com/rated.BandTHomeImprovements.27799130.html
Oakland house remodeling,https://www.yelp.com/search?find_desc=Remodeling+Contractors&find_loc=Oakland%2C+CA,https://bestvaluehomeimprovements.com/,http://www.hendschconstruction.com/,http://www.homeadvisor.com/c.Additions-Remodeling.Oakland.CA.-12001.html,http://hdrremodeling.com/,https://www.homeadvisor.com/rated.ModernHomeRemodelingLLC.5715520.html,https://www.trulia.com/voices/Oakland-Remodel_and_Renovate-45-27833/,https://www.berkeleyparentsnetwork.org/recommend/home/planning,https://www.angieslist.com/companylist/us/ca/oakland/kitchen-and-bath-remodeling.htm,http://www2.oaklandnet.com/government/o/PBN/OurServices/permits/index.htm
Oakland Commercial tenant improvement,http://www2.oaklandnet.com/government/o/PBN/OurOrganization/BuildingServices/o/Permits/index.htm,http://ironwoodcommercialbuilders.com/,http://www2.oaklandnet.com/government/o/CityAdministration/d/economic-workforce-development/s/funding-opportunities/index.htm,http://www.blackcreekbuilders.com/,http://www2.oaklandnet.com/government/o/CityAdministration/d/project-implementation/s/GrantPrograms/index.htm,http://www.jll.com/eastbay-oakland/en-us/news,http://edgeblog.jll.com/2016/01/14/tech-growth-drives-bay-area-office-construction-and-tenant-improvement-costs-higher/,https://oaklandbusinesscenter.com/index.php?option=com_content&task=view&id=19&Itemid=86,http://warose.com/our-services/commercial-construction/,http://www.comintbldrs.com/
Oakland handicap accessible restroom,http://museumca.org/accessibility,https://sanfranciscobayferry.com/node/22,http://hansonfitch.com/oakland-portable-toilet-temporary-fence/,http://www.oraclearena.com/plan-your-visit/accessibility,https://foxtheatre.org/shows-and-events/special-needs-patrons/,http://www2.oaklandnet.com/government/o/PWA/o/EC/s/ADA/index.htm,http://www.paramounttheatre.com/ada.html,http://www.historic-oakland.com/weddings-events/,http://www.altabatessummit.org/visiting/visit_disabled.html,http://www.historic-oakland.com/meetings/
Oakland Restaurant remodel,http://www.blackcreekbuilders.com/,http://www.sfchronicle.com/homeandgarden/article/Chef-s-kitchen-adds-light-flow-to-entire-6431228.php,https://boa-inc.com/portfolio/mid-century-modern-kitchen-remodel/,http://www.sfgate.com/restaurants/article/Oliveto-remodel-soars-but-food-falls-flat-5987816.php,https://www.bizjournals.com/sanfrancisco/news/2017/04/18/oakland-zoo-restaurant-renovation-visitors.html,http://www.berkeleyside.com/2017/06/08/pican-closes-brown-sugar-kitchen-to-move-in/,http://www.oaklandzoo.org/california-trail,http://www.wolfe-inc.com/,http://www.mercurynews.com/2017/06/08/oaklands-pican-closing-for-now-brown-sugar-bocanova-joining-uptown/,http://www.iamrudy.com/
Oakland Retail TI,http://www.portofoakland.com/business/properties-for-lease/?lang=en,http://www2.oaklandnet.com/government/o/PBN/OurOrganization/PlanningZoning/DOWD008389,http://www.cityfeet.com/Partner/oakland-ca/commercial-real-estate-for-lease,http://news.theregistrysf.com/oakland-retail-reaches-record-high-occupancy-levels/,http://www.loopnet.com/california/oakland_retail-space-for-lease/,http://hoodline.com/2017/08/downtown-oakland-a-retail-dead-zone-say-struggling-merchants,http://www.ellwoodcommercial.com/eLLWOOD%20COMMERCIAL%20REAL%20ESTATE%20-%20listings.htm,http://homeguides.sfgate.com/retail-leases-tenant-improvements-48493.html,http://www.eastbaytimes.com/,http://www.valbetti.com/commercial-services/
Oakland Office tenant improvement,http://www2.oaklandnet.com/government/o/PBN/OurOrganization/BuildingServices/o/Permits/index.htm,http://ironwoodcommercialbuilders.com/,http://www2.oaklandnet.com/government/o/CityAdministration/d/economic-workforce-development/s/funding-opportunities/index.htm,http://rapwp.oaklandnet.com/,http://edgeblog.jll.com/2016/01/14/tech-growth-drives-bay-area-office-construction-and-tenant-improvement-costs-higher/,http://www.arntzbuilders.com/industrial-commercial/peralta-oaks-seismic-tenant-improvements/,http://www.colliers.com/matthew.nebel,http://www.youngerbrothersbuilders.com/tenant-improvements/,http://www.jll.com/eastbay-oakland/en-us/news,http://www.fogprojects.com/experience/
Oakland General contractor,https://www.yelp.com/search?find_desc=General+Contractor&find_loc=Oakland%2C+CA,https://www.houzz.com/professionals/general-contractor/c/Oakland--CA,https://www.angieslist.com/companylist/us/ca/oakland/contractor.htm,https://www.homeadvisor.com/tloc/Oakland-CA/Major-Home-Repairs-General-Contractor/,http://www.turnergroupconstruction.com/bay-area-general-contractor/oakland-general-contractor/,https://nextdoor.com/category/general-contractor/oakland--ca/,https://www.thumbtack.com/ca/oakland/general-contractors/,https://www.yellowpages.com/oakland-ca/general-contractors,http://www.okland.com/,http://dlineconstructors.com/
Oakland building addition,http://www2.oaklandnet.com/government/o/PBN/OurServices/permits/index.htm,http://sfdbi.org/frequently-asked-questions,http://www2.oaklandnet.com/government/o/PBN/OurOrganization/BuildingServices/index.htm,https://library.municode.com/ca/oakland/codes/code_of_ordinances?nodeId=TIT4REFI_CH4.08BETA_4.08.050EX,http://www2.oaklandnet.com/government/o/PBN/OurServices/permits/DOWD008962,https://library.municode.com/ca/oakland/codes/code_of_ordinances?nodeId=TIT1GEPR,http://www2.oaklandnet.com/government/o/PBN/OurServices/GreenBuilding/index.htm,https://rotundaoakland.wordpress.com/history-and-renovation/,https://www.montclairconstruction.com/services/remodeling/additions/,https://en.wikipedia.org/wiki/Oakland_Medical_Center
Oakland building permit,http://www2.oaklandnet.com/government/o/PBN/OurServices/permits/index.htm,https://aca.accela.com/oakland/,http://www2.oaklandnet.com/government/o/PBN/OurServices/permits/DOWD008962,https://oaklandparkfl.gov/312/Permit-Access,http://www2.oaklandnet.com/government/o/PBN/index.htm,https://oaklandparkfl.gov/172/Building-Permit-Applications-Forms,http://www2.oaklandnet.com/government/o/PBN/OurOrganization/BuildingServices/o/Permits/index.htm,https://beta.oaklandca.gov/departments/planning-and-building,https://oaklandparkfl.gov/166/Building-Permitting,https://www.budgetdumpster.com/blog/community/oakland-ca/a-complete-guide-to-building-permits-in-oakland/
Oakland residential remodels,http://www2.oaklandnet.com/government/o/PBN/OurServices/permits/index.htm,https://www.yelp.com/biz/integrity-remodeling-oakland-2,https://www.budgetdumpster.com/blog/community/oakland-ca/a-complete-guide-to-building-permits-in-oakland/,http://www.kastlerconstruction.com/4-value-add-residential-remodeling-projects.php,https://www.homehealingrenovations.com/,http://hdrremodeling.com/,http://kobban.com/,https://www.houzz.com/professionals/architect/c/Oakland--CA,http://mcnenny-arch.com/residential.html,http://www.momentum-electric.com/home-remodel/
Oakland Kitchen construction,http://www.eastbaytimes.com/2017/05/26/construction-stops-at-much-anticipated-oakland-schools-kitchen/,http://www.kastlerconstruction.com/,http://www.ousdthecenter.org/faqs.html,http://www.hendschconstruction.com/,https://www.yelp.com/search?find_desc=Kitchen+Remodel+Contractor&find_loc=Oakland%2C+CA,http://www.mercurynews.com/2016/01/24/oaklands-central-kitchen-to-provide-a-bounty-of-fresh-locally-sourced-school-meals/,http://www2.oaklandnet.com/government/o/PBN/OurServices/permits/index.htm,http://www.mcbuild.com/,http://www.wolfe-inc.com/,http://www.swanbuilding.com/kitchen-remodels/
Oakland Kitchens,https://www.yelp.com/search?find_desc=Kitchen+Design&find_loc=Oakland%2C+CA,https://www.grandlakekitchen.com/,http://www.portkitchens.com/,http://www.foragekitchen.com/,http://www.brownsugarkitchen.com/,http://www.customkitchens-ca.com/,https://oakland.edu/wrt/top-links/facultystaff-directory/associate-professors/kitchens,https://www.kitchenonfire.com/,http://paragonkbstudio.com/,https://www.thetownkitchen.com/
Oakland Master Bath,https://www.airbnb.com/rooms/3695319,https://www.harken-interiors.com/portfolio/oakland-drive/,https://www.redfin.com/CA/Oakland/4124-Gregory-St-94619/home/2025678,https://factoryexpo.net/floorplan/oakland/,https://www.redfin.com/CA/Oakland/4212-Balfour-Ave-94610/home/1665337,http://hdrremodeling.com/projects-bath/,https://www.zillow.com/digs/cottage-master-bathrooms-7546158260/,http://www.levitch.com/projects/,https://www.vkbkitchenandbath.com/,https://www.prosourcewholesale.com/showrooms/mi-prosource-of-west-oakland
Oakland Guest Bathroom,https://www.oaklandradisson.com/guestrooms,http://hdrremodeling.com/projects-bath/,https://www.oaklandradisson.com/gallery,https://www.hotels.com/ho660284/sutter-hotel-oakland-united-states-of-america/,https://www.airbnb.com/rooms/723349,https://www.mlb.com/athletics/ballpark/information/guide,http://www.marriott.com/hotels/hotel-photos/oakdt-oakland-marriott-city-center/,https://factoryexpo.net/floorplan/oakland/,https://www.houzz.com/professionals/kitchen-and-bath/c/Oakland--CA,http://www3.hilton.com/en/hotels/california/hilton-oakland-airport-OAKHIHH/accommodations/rooms.html
Oakland Bathrooms,http://www.jacklondonkitchenandbath.com/,https://www.yelp.com/search?find_desc=Bathroom+Remodel&find_loc=Oakland%2C+CA,http://www.eastbaytimes.com/2017/07/27/oakland-moving-forward-with-gender-neutral-bathrooms-on-city-property/,http://local.kohler.com/9661/2207102/,http://www.eastbaytimes.com/2017/12/01/oakland-looks-to-add-portable-bathrooms-on-city-land/,http://reslife.umd.edu/halls/denton/oakland,https://oakland.edu/housing/options/residencehalls/,http://www.sfgate.com/bayarea/article/Grand-tour-of-BART-s-bathrooms-from-the-2581155.php,https://ww2.kqed.org/news/2017/09/01/oakland-begins-helping-some-homeless-encampments-while-closing-others/,https://www.homeadvisor.com/tloc/Oakland-CA/Bathroom-Remodel/
Oakland Redwood Deck,https://www.yelp.com/search?find_desc=Deck+Builder&find_loc=Oakland%2C+CA,http://www.homeadvisor.com/tloc/Oakland-CA/Deck-or-Porch-Repair/,https://www.yelp.com/search?find_desc=Deck+Repair&find_loc=Oakland%2C+CA,https://www.economylumberco.com/lumber.html,http://www.allprodeck.com/,http://www.aandjfencing.com/,http://www2.oaklandnet.com/Government/o/opr/s/rental/OAK029376,https://www.alpineroofingcomplete.com/latest-projects/oakland-county-exterior-remodeling.php,http://www.eastbaytimes.com/2017/11/07/new-outdoor-education-deck-under-construction-at-chabot/,http://www.acmebuilders.com/projects/decks/
Oakland deck builder,https://www.yelp.com/search?find_desc=Deck+Builder&find_loc=Oakland%2C+CA,http://www.homeadvisor.com/c.Decks.Oakland.CA.-12017.html,https://www.yelp.com/search?find_desc=Deck+Contractor&find_loc=Oakland%2C+CA,https://www.angieslist.com/companylist/us/ca/oakland/decks-and-porches.htm,https://www.berkeleyparentsnetwork.org/recommend/home/deck,https://www.thumbtack.com/ca/oakland/deck-and-porch-build/,https://schaferconstructioninc.com/,https://www.customdecks.com/,http://deckdoctors.net/,http://autumnwoodconstruction.com/
Oakland Timberline Decks,https://www.trulia.com/property/3276344401-16-Timberline-Ln-Oakland-NJ-07436,https://www.realtor.com/realestateandhomes-detail/16-Timberline-Ln_Oakland_NJ_07436_M55578-58264,http://www.remax.com/realestatehomesforsale/16-timberline-ln-oakland-nj-07436-gid400016562647.html,https://www.yelp.com/search?find_desc=Deck+Builder&find_loc=Oakland%2C+CA,http://www.homeadvisor.com/c.Decks.Oakland.CA.-12017.html,https://www.homedepot.com/p/Rust-Oleum-Restore-4-gal-10X-Advanced-Timberline-Deck-and-Concrete-Resurfacer-291544/205854043,http://timberlinepatiocovers.com/,https://www.gaf.com/roofing/residential/products/shingles/timberline,http://www.t4sr.com/site/26425/default.aspx,http://www.rashidconstruction.com/services/roofing.html
Oakland Trex synthetic Decking,https://www.trex.com/find-trex/,https://uk.trex.com/,https://www.trex.com/find-a-contractor/,https://shop.trex.com/decking/,https://www.trex.com/,https://www.homedepot.com/b/Lumber-Composites-Decking/Trex/N-5yc1vZbqmgZ2vy,https://www.trex.com/why-trex/trex-in-the-aisle/,https://southcitylumber.com/decking.html,https://www.customdecks.com/,https://au.trex.com/
Oakland Ipe balcony,http://www2.oaklandnet.com/government/o/PBN/OurServices/permits/index.htm,https://en.wikipedia.org/wiki/Berkeley_balcony_collapse,http://terryandterryarchitecture.com/work/thockmorton-commons/,https://www.yelp.com/biz/bay-area-deck-and-remodel-oakland-2,https://www.berkeleyparentsnetwork.org/recommend/home/deck,http://www.aleckwilsonarchitects.com/presidio-heights-1/,http://palmcasual.com/,https://www.mataverdedecking.com/where-to-buy,https://oaklandroots40th.info/,https://hardwooddeckingsupply.com/
Oakland Seismic Retrofit,http://www2.oaklandnet.com/government/o/hcd/s/HousingRepairRehabPrograms/OAK059369,https://www.yelp.com/search?find_desc=Seismic+Retrofit&find_loc=Oakland%2C+CA,http://www2.oaklandnet.com/oakca1/groups/ceda/documents/webcontent/dowd008854.pdf,https://www.yelp.com/search?find_desc=Earthquake+Retrofit&find_loc=Oakland%2C+CA,http://www2.oaklandnet.com/government/o/hcd/s/HousingRepairRehabPrograms/OAK059370,https://www.bayarearetrofit.com/,http://www.eastbaytimes.com/2015/01/15/seismic-retrofit-grant-offered-in-oakland-san-leandro-san-francisco/,https://oaklandnorth.net/2014/09/22/new-interactive-map-identifies-homes-in-need-of-seismic-retrofitting/,http://qbusters.com/how-to-pay-for-a-retrofit/,https://www.berkeleyparentsnetwork.org/recommend/home/earthquake
Oakland bearing walls,https://www.sanjoseca.gov/DocumentCenter/View/1731,https://www.homeadvisor.com/tloc/Oakland-CA/Engineer-Structural/,http://vincentabellcontracting.com/portfolio/load-bearing-wall-removal/,http://www2.oaklandnet.com/government/o/PBN/OurServices/permits/DOWD008818,http://homeguides.sfgate.com/building-requirements-partition-walls-62677.html,http://www.pbfinishers.com/,https://www.berkeleyparentsnetwork.org/recommend/home/permits,http://qbusters.com/housing-vulnerable-to-damage-in-earthquakes/,https://boneliving.com/news/home-oakland-hills-california/,http://jimgardnerconstruction.com/services/retaining-walls/
Oakland window Retrofitting,http://www2.oaklandnet.com/oakca1/groups/ceda/documents/form/oak058606.pdf,https://www.yelp.com/search?find_desc=Seismic+Retrofit&find_loc=Oakland%2C+CA,http://www2.oaklandnet.com/government/o/hcd/s/HousingRepairRehabPrograms/DOWD008722,https://www.milgard.com/dealer-locator/ca/oakland,http://khwindowsolutions.com/,https://www.berkeleyparentsnetwork.org/recommend/home/windows,http://www.mercurynews.com/2015/01/15/seismic-retrofit-grant-offered-in-oakland-san-leandro-san-francisco/,http://www.windowsspecialists.com/,https://modernize.com/windows/california/oakland,https://www.homeadvisor.com/c.Windows.Oakland.CA.-12080.html
Oakland Door installation,https://www.yelp.com/biz/complete-door-service-oakland,https://www.homeadvisor.com/c.Doors.Oakland.CA.-12024.html,https://www.thumbtack.com/ca/oakland/exterior-door-installation/,https://www.homeadvisor.com/tloc/Oakland-CA/Doors-Exterior-Install-or-Replace/,https://www.angieslist.com/companylist/us/ca/oakland/doors.htm,http://www.homeadvisor.com/tloc/Oakland-CA/Glass-Shower-Door-or-Enclosure-Install/,https://www.houzz.com/professionals/doors/c/Oakland--CA,http://www.searsgaragedoors.com/oakland-ca,http://www.quickgaragedoors.com/,http://www.homeadvisor.com/rated.AcesGarageDoorRepair.20249116.html
Oakland framing,https://www.yelp.com/c/oakland/framing,http://www.panoramaframing.com/,https://www.yelp.com/search?find_desc=Framing+Stores&find_loc=Oakland%2C+CA,http://www.creativeframingoakland.com/,http://www.kuhlframes.com/,http://artloftframing.com/,https://galleriascola.com/,https://www.groupon.com/local/oakland/framing,http://www.framersworkshop.com/,http://www.eco-framing.com/
Oakland post and beam,https://oaklandpostonline.com/18680/sports-womens/oakland-volleyball-player-selected-as-2017-class-award-candidate/,http://postandbeamla.com/,https://www.facebook.com/theoakpost/,http://www.rochesterhills.org/DocumentCenter/Home/View/326,https://oaklandpostonline.com/19577/sports/oakland-volleyball-player-named-horizon-league-player-of-the-year/,https://www.openlistings.com/s/mid-century-modern,http://www.oaklandpost.org/,https://en.wikipedia.org/wiki/The_Oakland_Post_(Michigan),https://www.bayarearetrofit.com/post-beam-connection/,https://en.wikipedia.org/wiki/Oakland_Post_(California)
Oakland finish carpentry,https://www.yelp.com/search?find_desc=Finish+Carpenter&find_loc=Oakland%2C+CA,https://www.thumbtack.com/ca/oakland/finish-carpentry/,https://www.montclairconstruction.com/services/remodeling/finish-carpentry/,https://www.homeadvisor.com/c.Carpenters.Oakland.CA.-12010.html,https://www.montclairconstruction.com/,http://www.homeadvisor.com/c.Carpenters.Rochester.MI.-12010.html,http://www.pbfinishers.com/michigan-carpenter.html,https://detroit.craigslist.org/search/trd,http://www.jettonconstruction.com/team-profiles/,https://www.linkedin.com/jobs/view/lead-carpenter-at-custom-kitchens-by-john-wilkins-inc.-527827701
Oakland hardwood flooring,https://www.yelp.com/biz/oakland-wood-floors-oakland,https://www.angieslist.com/companylist/us/ca/oakland/hardwood-flooring.htm,http://www.tulipfloors.com/,http://www.homeadvisor.com/tloc/Oakland-CA/Wood-Flooring-Refinish/,https://www.amberflooring.com/,http://www.dickscarpetoneoakland.com/,http://fabulousfloorsmichigan.com/,https://www.simplefloors.com/?___store=9,http://www.expofloors.com/,https://www.berkeleyparentsnetwork.org/recommend/home/hwfloors
Oakland tile,http://www.arttileoakland.com/,https://www.yelp.com/biz/art-tile-oakland,http://www.caltileco.com/,https://www.yelp.com/search?find_desc=Tile+Showroom&find_loc=Oakland%2C+CA,https://www.houzz.com/professionals/tile-stone-and-countertop/c/Oakland--CA,https://www.homeadvisor.com/c.Tile.Oakland.CA.-12073.html,http://www.importtile.com/,https://www.tile-shop.com/,http://www.tezmarble.com/,http://italics.org/v2/
Oakland sheetrock,http://www.westsidebmc.com/locations/oakland-ca.aspx,http://www.homeadvisor.com/c.Drywall-Plaster.Oakland.CA.-12025.html,https://www.yelp.com/biz/king-of-sheet-rock-oakland,https://www.facebook.com/Oakland-Drywall-Supply-Inc-110842202312495/,https://www.beegreen.green/recycling/materials-rates/,https://porch.com/oakland-ca/plastering-contractors/oakland-drywall-supply-inc/pp,http://floresdrywall.com/,https://www.yellowpages.com/oakland-ca/drywall-contractors,http://www.kingofsheetrock.com/,https://porch.com/oakland-ca/drywall-contractors/hectors-drywall-154479705/pp
Oakland paint,http://www.peteandjohnspaintmarket.com/,http://www.markspaintmart.com/,https://beta.oaklandca.gov/services/paint-the-town,https://www.yelp.com/search?find_desc=Paint+Stores&find_loc=Oakland%2C+CA,https://www.sherwin-williams.com/store-locator/paint-store/oakland/ca/8582,https://www.eventbrite.com/e/puff-pass-paint-420-friendly-painting-in-oakland-tickets-33596721699,https://www.sherwin-williams.com/store-locator/paint-store/oakland/nj/2823,http://kellymoore.com/,https://www.facebook.com/events/1923359997887550/,http://paintstore.benjaminmoore.com/stores/us/ca/oakland/marks-paint-mart?lang=en_US
Oakland electrical,https://oakland.edu/secs/undergraduate-programs/electrical-engineering/,https://www.indeed.com/q-Electrical-Engineer-l-Oakland,-CA-jobs.html,https://www.yelp.com/search?find_desc=Electrical+Contractors&find_loc=Oakland%2C+CA,http://catalog.oakland.edu/preview_program.php?catoid=11&poid=922,https://www.yelp.com/search?cflt=electricians&find_loc=Oakland%2C+CA,http://www.gillselectric.com/,https://www.pge.com/,http://www.homeadvisor.com/c.Electrical.Oakland.CA.-12026.html,http://robertselectric.com/,https://www.applegateelectric.com/
Oakland restoration,http://www.restoration1.com/oakland/,http://restore.habitatebsv.org/,http://www.restoration1.com/east-oakland-county/,http://www2.oaklandnet.com/Government/o/PWA/o/FE/s/ID/OAK024753,http://www.portofoakland.com/community/environmental-stewardship/habitat/,http://www2.oaklandnet.com/government/o/PWA/o/FE/s/ID/OAK024752,https://www.habitatoakland.org/restore/,https://en.wikipedia.org/wiki/Fox_Oakland_Theatre,http://www.servpronorthoaklandcounty.com/,https://www.yelp.com/search?find_desc=Classic+Car+Restoration&find_loc=Oakland%2C+CA
Oakland victorian,http://www.oaklandcemetery.com/?event=a-victorian-holiday-at-oakland-cemetery,http://www.sfgate.com/news/article/East-Oakland-real-estate-1726-19th-Ave-Victorian-11213464.php,http://www.eastbaytimes.com/2017/01/24/oakland-exhibit-looks-at-fun-in-victorian-oakland/,http://www.sfchronicle.com/homeandgarden/article/Couple-uncover-Oakland-Victorian-s-beautiful-6224043.php,https://www.nbcbayarea.com/news/local/Structure-on-Fire-in-Oakland-438430723.html,http://www.cohenbrayhouse.info/,https://www.freshtix.com/events/victorian-holiday-at-oakland-cemetery-17,http://www.mercurynews.com/2017/10/04/morbid-desire-brings-victorian-era-mourning-back-to-life-in-oakland/,https://chicago.curbed.com/2017/5/31/15721318/oakland-chicago-single-family-home-for-sale,https://en.wikipedia.org/wiki/Old_Oakland
Oakland Craftsman,https://www.apartmenttherapy.com/house-tour-a-renovated-california-craftsman-239737,https://sf.curbed.com/2017/11/2/16599118/oakland-craftsman-home-sale-chalet,https://www.zillow.com/oakland-ca/craftsman-style_att/,https://www.sfgate.com/realestate/article/Craftsman-bungalow-open-Sunday-in-Oakland-12434183.php,https://www.curbed.com/2016/5/3/11577088/oakland-homes-for-sale-renovated,http://www.sfgate.com/news/article/Hot-Property-12348227.php,http://www.sears.com/stores/michigan/troy/0001490.html,http://www.sfgate.com/realestate/article/Couple-rescues-charming-historic-Oakland-Craftsman-11656270.php,http://www.7x7.com/food-news-locol-opens-in-west-oakland-craftsman-and-wolves-new-happy-h-2334109667.html,http://masonkirby.com/portfolio/oakland-craftsman/
Oakland Mid Century Modern,https://www.yelp.com/search?find_desc=Mid+Century+Modern+Furniture&find_loc=Oakland%2C+CA,https://www.midcenturymobler.com/,https://sf.curbed.com/2017/8/30/16223032/oakland-midcentury-modern-home,https://www.eichlerforsale.com/oakland-east-bay-eichler-homes.php,https://sf.curbed.com/2016/9/9/12863918/piedmont-midcentury-modern-home,https://www.midcenturymonger.com/,http://www.midcenturymodernfinds.com/,http://modernaire.net/,http://www.thornela.com/midcentury-modern/,https://www.antiquesandmodern.com/danish-modern-warehouse/
Oakland Thermador,http://www.thermador.com/dealer-locator/state/ca,http://store.thermador.com/us/shop-productlist/accessories/accessoriescooking/ovenracks,http://www.thermador.com/about/brisbane-purcell-murray-showroom,https://www.theappliancerepairdoctor.com/thermador-appliance-repairs/thermador-oven-repair/,http://www.thermador.com/dealer-locator,https://www.pacificsales.com/brands/thermador,http://www.thermador.com/dealer-locator/state/ca/san_francisco,https://www.pacificsales.com/,https://www.oakgov.com/Pages/Boil-Water-Notice.aspx,https://www.planomatic.com/93887
Oakland Viking,http://www.vikingtrader.com/,http://www.startribune.com/ex-vikings-wr-cordarelle-patterson-s-message-to-adrian-peterson-join-the-oakland-raiders/416428933/,http://www.moveviking.com/,https://www.yelp.com/biz/viking-moving-and-storage-oakland,http://vikinginsuranceassoc.com/about,http://www.vikings.com/news/article-1/Vikings-Sign-Running-Back-Latavius-Murray/61b1ea78-0915-4f78-a874-a3260568d5b8,https://www.mymovingreviews.com/movers/viking-moving-and-storage-738,https://en.wikipedia.org/wiki/Viking_(automobile),https://thevikingage.com/2017/03/16/minnesota-vikings-latavius-murray/,https://en.wikipedia.org/wiki/Mike_Tice
Oakland Heath Tile,http://www.heathceramics.com/,https://sf.curbed.com/2017/2/3/14475908/pottery-san-francisco-sf-ceramics,http://www.heathceramics.com/san-francisco,http://heathceramics.tumblr.com/,http://www.heathceramics.com/heath-home-flatware-set-of-5,https://en.wikipedia.org/wiki/Heath_Ceramics,http://www.heathceramics.com/restaurants-hotels,http://jobs.heathceramics.com/apply/OjdyepdhN8/Trade-Sales-Rep,http://www.chairsandcups.com/health-ceramics/,http://www.7x7.com/jo-malone-opens-heath-ceramics-seconds-sale-more-fashion-news-1805738616.html
Oakland Ceaserstone,http://www.caesarstoneus.com/,https://www.sullivancountertops.com/,https://www.yelp.com/biz/sullivan-counter-tops-oakland,http://www.browardmarbleandgranite.com/,https://www.yelp.com/biz/caesarstone-usa-san-leandro,https://www.homeadvisor.com/cost/cabinets-and-countertops/caesarstone-countertop-prices/,http://www.tezmarble.com/,http://marbledeluxe.net/the-benefits-of-engineered-stone-zodiaq-caesarstone-silestone/,https://www.berkeleyparentsnetwork.org/recommend/home/kitchcounters,http://haussmannstone.com/
Berkeley home improvement,http://www.ecohomeimprovement.com/,http://buylocalberkeley.org/HOME-IMPROVEMENT,https://www.groupon.com/local/berkeley/home-improvement,http://premiumhomeimprovements-nj.com/,https://ecode360.com/28800545,https://www.cityofberkeley.info/ContentDisplay.aspx?id=16300,https://monkshomeimprovements.com/painters-berkeley-heights/,http://www.berkeleyexteriors.com/,https://www.yelp.com/biz/e-r-home-improvements-berkeley-2,http://hdrremodeling.com/
Berkeley house remodeling,https://www.berkeleyparentsnetwork.org/recommend/home/planning,http://hdrremodeling.com/,http://www.7x7.com/this-berkeley-rooftop-deck-adds-the-finishing-touch-to-a-remodeled-hom-2408761132.html,https://www.yelp.com/biz/hdr-remodeling-berkeley-2,http://www.alwardconstruction.com/,http://www.homeadvisor.com/c.Additions-Remodeling.Berkeley.CA.-12001.html,https://www.homehealingrenovations.com/,http://www.homeadvisor.com/c.Additions-Remodeling.Berkeley_Heights.NJ.-12001.html,http://www.feraru.us/portfolio/whole-house/,http://www.wadesign.com/remodeladdition/
Berkeley Commercial tenant improvement,http://www.altenconstruction.com/work-commercial.html,http://www.catamountdesign.com/tenantimprovement.php,http://www.blackcreekbuilders.com/,http://news.theregistrysf.com/lionstone-buys-wework-building-berkeley-22-25mm/,http://www.marvincollinsconstruction.com/,https://www.cityofberkeley.info/Planning_and_Development/Home/What_Permits_Do_I_Need_.aspx,http://hbaarchitects.com/contact-us/,https://www.cityofberkeley.info/loanfund/,http://www.berkeleyelectric.com/,http://www.berkeleyinvestments.com/team
Berkeley handicap accessible restroom,http://wheelchairtraveling.com/visiting-berkeley-in-a-wheelchair/,https://access.berkeley.edu/getting-around/buildings,http://www.dnr.sc.gov/lakes/access/berkeley.html,https://dsp.berkeley.edu/campus-access/planning-events/accessible-campus-events,https://www.houzz.com/photo/4458103-berkeley-traditional-universal-design-bathroom-traditional-bathroom-san-francisco,http://haas.berkeley.edu/MBA/academics/commencement.html,http://www.dailycal.org/2017/08/08/new-bathroom-general-public-opens-south-berkeley/,http://apeconcerts.com/greek-theatre-faq/,https://www.cityofberkeley.info/Parks_Rec_Waterfront/Trees_Parks/Parks__Live_Oak_Park.aspx,http://www.ebparks.org/parks/tilden
Berkeley Restaurant remodel,https://ww2.kqed.org/bayareabites/2017/08/23/gios-pizza-bocce-opens-in-downtown-berkeley-after-complete-remodel-of-former-giovanni-space/,http://www.berkeleyside.com/2015/10/23/bites-mr-dewies-to-albany-kobani-closure/,https://www.cityofberkeley.info/Health_Human_Services/Environmental_Health/Construction_Guide_for_Food_Facilities.aspx,http://www.blackcreekbuilders.com/,https://www.opentable.com/henrys-restaurant-hotel-durant,http://www.senshotelberkeley.com/,https://www.graduatehotels.com/berkeley/,http://www.odsarchitecture.com/clients,http://www.dailycal.org/2016/06/03/blondies-pizza-berkeley-remodeled/,http://www.sfchronicle.com/business/networth/article/After-renovation-Berkeley-s-Hotel-Durant-keeps-11021092.php
Berkeley Retail TI,http://www.vintageberkeley.com/,https://sf.eater.com/2017/10/23/16526162/eatsa-berkeley-closed-retail-changes-san-francisco,http://www.loopnet.com/california/berkeley_retail-space-for-lease/,http://www.downtownberkeley.com/shop/,https://www.visitberkeley.com/shop,http://caldining.berkeley.edu/locations/on-campus-retail/qualcomm-cafe,http://www.cityfeet.com/cont/berkeley-ca/retail-space-for-lease,http://berkeleycollege.edu/academics_bc/1499.htm,https://events.berkeley.edu/?event_ID=109458&date=2017-08-31&tab=all_events,https://career.berkeley.edu/Business/Business
Berkeley Office tenant improvement,http://news.theregistrysf.com/lionstone-buys-wework-building-berkeley-22-25mm/,https://www.cityofberkeley.info/loanfund/,http://www.catamountdesign.com/tenantimprovement.php,https://www.apps2.dgs.ca.gov/dsa/tracker/ProjectList.aspx?ClientId=01-UCBerkeley,https://www.cityofberkeley.info/uploadedFiles/Manager/Economic_Development/Final_BerkeleyRLFAdminPlanwithReso.pdf,http://www.insight-se.com/people/helen-chow-pe/,http://www.berkeleyinvestments.com/team,http://www.marvincollinsconstruction.com/,http://www.oryxsf.com/team-laura.php,http://www.ratcliffarch.com/projects/BerkeleyLaw
Berkeley General contractor,https://www.yelp.com/search?find_desc=General+Contractor&find_loc=Berkeley%2C+CA,https://www.houzz.com/professionals/general-contractor/c/Berkeley--CA,https://nextdoor.com/category/general-contractor/berkeley--ca/,https://www.thumbtack.com/ca/berkeley/general-contractors/,http://berkeleybuildingcompany.com/,https://www.berkeleyparentsnetwork.org/recommend/home/contractors,https://www.angieslist.com/companylist/us/ca/berkeley/contractor.htm,http://www.berkeleycraftsmen.com/,http://www.feraru.us/,https://www.nbcbayarea.com/news/local/Berkeley-Balcony-Collapse-Case-License-403802526.html
Berkeley building addition,https://www.cityofberkeley.info/Planning_and_Development/Permit_Service_Center/Permitting_Process.aspx,http://www.berkeley.edu/map?lifesci,https://www.cityofberkeley.info/Planning_and_Development/Home/Major_Residential_Additions.aspx,https://bds.berkeley.edu/lsa,https://www.cityofberkeley.info/Planning_and_Development/Building_and_Safety/Building_Permit_Detailed_Checklist.aspx,http://guides.lib.berkeley.edu/campus_research/architecture,http://www.berkeleyside.com/2017/10/18/council-asked-rule-neighbor-dispute-blocked-bay-views/,https://www.berkeleyparentsnetwork.org/recommend/home/permits,http://haas.berkeley.edu/NewBuilding/,http://www.codepublishing.com/CA/Berkeley/html/Berkeley23F/Berkeley23F04/Berkeley23F04010.html
Berkeley building permit,https://www.cityofberkeley.info/planning/,https://permits.cityofberkeley.info/,https://www.cityofberkeley.info/permitservicecenter/,http://www.berkeleywv.org/services/eng-bpp.cfm,https://www.cityofberkeley.info/buildingandsafety/,https://www.berkeleyparentsnetwork.org/recommend/home/permits,https://www.cityofberkeley.info/Planning_and_Development/Building_and_Safety/Building_Permit_Detailed_Checklist.aspx,http://twp.berkeley.nj.us/d_constr.aspx,https://www.berkeleycountysc.gov/drupal/permitting,http://www.berkeleycountycomm.org/services/eng-downloads.cfm
Berkeley residential remodels,http://hdrremodeling.com/,https://www.cityofberkeley.info/Planning_and_Development/Permit_Service_Center/Permitting_Process.aspx,https://www.homehealingrenovations.com/,http://www.berkeleyside.com/2016/08/26/uc-berkeleys-bowles-hall-is-back-after-45m-renovation/,http://www.arkintilt.com/hestermcnally-residence-remodel-addition,http://www.catamountdesign.com/remodel1930.php,http://www.feraru.us/bathroom/,http://www.swanbuilding.com/,http://mcnenny-arch.com/residential.html,http://kobban.com/
Berkeley Kitchen construction,http://www.jettonconstruction.com/north-berkeley-hills-kitchen/,http://www.mcbuild.com/,https://www.berkhome.com/,http://hdrremodeling.com/,http://www.alwardconstruction.com/,https://dupaulconstruction.com/service-areas/berkeley-springs-wv/,https://www.cityofberkeley.info/Health_Human_Services/Environmental_Health/Construction_Guide_for_Food_Facilities.aspx,http://www.swanbuilding.com/,https://www.cityofberkeley.info/Planning_and_Development/Permit_Service_Center/Permitting_Process.aspx,http://www.swanbuilding.com/kitchen-remodels/
Berkeley Kitchens,http://www.theberkeleykitchens.com/,http://www.berkeleyside.com/2014/04/03/bakers-cooks-and-cakemakers-spread-their-wings-at-newly-opened-berkeley-kitchens/,https://www.eastbayexpress.com/WhatTheFork/archives/2013/09/17/now-open-the-berkeley-kitchens,http://www.berkeleyside.com/tag/berkeley-kitchens/,https://www.kitchenonfire.com/,https://myberkeleykitchen.com/,http://www.customspaces.net/,http://berkeleymills.com/kitchens/,https://www.houzz.com/professionals/kitchen-and-bath/c/Berkeley--CA,https://www.remodelista.com/posts/kitchen-tour-with-alice-waters-and-fanny-singer/
Berkeley Master Bath,http://www.designsetmatch.com/httpwwwhouzzcomideabooks47143960thumbs-berkeley-thousand-oaks-modern-master-bathroom/,https://www.denvergov.org/content/dam/denvergov/Portals/747/documents/planning/master_plans/BerkeleyLakePark-MasterPlan.pdf,http://www.nytimes.com/2009/01/10/arts/dance/10busb.html,https://www.redfin.com/CA/Berkeley/3323-Claremont-Ave-94705/home/2001567,http://adshayerealty.com/?property=prime-park-slope-berkeley-place-brownstone-2-plus-bedroom,https://www.redfin.com/CA/Berkeley/6822-Charing-Cross-Rd-94705/home/1497724,https://saterdesign.com/products/berkeley-square-house-plan,https://www.redfin.com/CA/Berkeley/560-Santa-Clara-Ave-94707/home/1435876,https://www.cityofberkeley.info/Berkeley_Marina/,https://www.redfin.com/CA/Berkeley/57-Tunnel-Rd-94705/home/1270962
Berkeley Guest Bathroom,http://hdrremodeling.com/projects-bath/,https://www.hiexberkeley.com/guestrooms,http://www.knightsinnberkeley.com/gallery/,https://ihouse.berkeley.edu/applicants/FAQ.php,http://www.marriott.com/hotels/hotel-photos/oakcy-courtyard-richmond-berkeley/,http://abcnews4.com/news/local/berkeley-county-school-board-seeks-legal-counsel-on-transgender-bathroom-debate,http://quirkyberkeley.com/quirky-bathrooms/,https://www.houzz.com/professionals/kitchen-and-bath/c/Berkeley--CA,https://www.berkeleyinn.com/guestrooms,http://www.berkeleylabguesthouse.org/room_types.html
Berkeley Bathrooms,http://www.dailycal.org/2015/04/16/when-you-gotta-go-your-one-stop-shop-to-berkeley-bathrooms/,https://restrooms.berkeley.edu/,https://hr.berkeley.edu/labor/contracts/BX/bathrooms,https://www.yelp.com/list/GnmC51-0CwyWkS1fmT2Ptw,http://www.berkeleyside.com/2017/05/09/berkeley-schools-go-beyond-bathrooms-support-gender-non-conforming-students/,https://www.youtube.com/watch?v=sQGhrHLuueQ,https://www.eastbayexpress.com/oakland/transforming-uc-berkeleys-bathrooms/Content?oid=4463775,https://www.berkeleyparentsnetwork.org/recommend/home/bath_fixtures,https://www.youtube.com/watch?v=tw0sH_266nY,https://thetab.com/us/uc-berkeley/2016/11/03/used-uc-berkeleys-new-multi-stall-gender-inclusive-bathroom-2546
Berkeley Redwood Deck,https://www.berkeleyparentsnetwork.org/recommend/home/deckclean,http://botanicalgarden.berkeley.edu/wp-content/uploads/2014/02/GardenMapPoster.pdf,http://www.ashbylumber.com/,http://botanicalgarden.berkeley.edu/,http://www.homeadvisor.com/tloc/Berkeley-CA/Deck-or-Porch-Repair/,http://www.redoakrealty.com/properties/841SanLuisRd,http://www.allprodeck.com/,https://www.redfin.com/CA/Berkeley/2310-Spaulding-Ave-94703/home/671383,http://www.sfgate.com/realestate/walkthrough/article/Berkeley-4-bedroom-boasts-enticing-outdoor-areas-12339279.php,https://www.redfin.com/CA/Berkeley/2445-Edwards-St-94702/home/1419327
Berkeley deck builder,https://www.berkeleyparentsnetwork.org/recommend/home/deck,http://www.homeadvisor.com/tloc/Berkeley-CA/Deck-or-Porch-Repair/,http://www.goodserviceguide.com/oakland_berkeley-deck_builder.html,http://www.feraru.us/decks-patios/,https://www.yelp.com/search?find_desc=Deck+Builder&find_loc=Oakland%2C+CA,http://www.deckmagazine.com/design-construction/porches-balconies/california-contractor-has-license-revoked-over-fatal-berkeley-balcony-collapse_c,https://www.yelp.com/search?find_desc=Deck+Contractor&find_loc=Oakland%2C+CA,https://www.deckremodelers.com/decks/decks-by-location/berkeley-heights-nj-decks/,https://porch.com/berkeley-ca/decking-contractors/lamorinda-deck-care-21977849/pp,http://www.millersresidential.com/
Berkeley Timberline Decks,https://timbertech.com/,https://www.homedepot.com/p/Rust-Oleum-Restore-4-gal-10X-Advanced-Timberline-Deck-and-Concrete-Resurfacer-291544/205854043,http://www.latimes.com/local/lanow/la-me-ln-balcony-berkeley-collapse-20150617-story.html,https://www.berkeleyparentsnetwork.org/recommend/home/deck,http://timberlinepatiocovers.com/,http://twp.berkeley.nj.us/docs/PL_Zon/2013/BOA%2008-14-13.pdf,http://tlumber.com/trex-decking/,http://www.alaskatreeline.com/,http://www.homeadvisor.com/c.Decks.Hagerstown.MD.-12017.html,http://www.thewoodenduck.com/
Berkeley Trex synthetic Decking,https://www.trex.com/find-a-contractor/,https://uk.trex.com/,https://www.trex.com/,https://shop.trex.com/decking/,https://www.trex.com/products/deck-cost-landing/,https://www.homedepot.com/b/Lumber-Composites-Decking/Trex/N-5yc1vZbqmgZ2vy,https://au.trex.com/,https://timbertech.com/,https://en.wikipedia.org/wiki/Trex,https://www.bercoredwood.com/
Berkeley Ipe balcony,https://www.houzz.com/photo/1875385-berkeley-hills-house-midcentury-balcony-san-francisco,https://en.wikipedia.org/wiki/Berkeley_balcony_collapse,http://www.latimes.com/local/lanow/la-me-ff-berkeley-balconies-now-must-have-inspections-tougher-building-codes-20150715-story.html,http://www.berkeleyside.com/2016/06/16/berkeley-balcony-collapse-tragedy-one-year-later/,http://www.eastbaytimes.com/2017/01/31/state-adopts-emergency-construction-rules-in-wake-of-2015-berkeley-balcony-collapse/,http://www.dailymail.co.uk/news/article-3127240/Pictured-five-Irish-students-one-American-tragically-killed-balcony-collapsed-Berkeley-apartment-21st-birthday-party.html,https://archinect.com/news/article/130355051/dry-rot-to-blame-for-berkeley-balcony-collapse-existing-building-codes-called-into-question,https://www.irishtimes.com/news/ireland/irish-news/partial-settlement-reached-in-berkeley-balcony-legal-actions-1.3073088,https://www.pinterest.com/pin/175499716704683869/,https://www.irishtimes.com/news/ireland/irish-news/families-of-berkeley-balcony-collapse-reach-20m-partial-settlement-1.3073287
Berkeley Seismic Retrofit,https://www.cityofberkeley.info/Finance/Home/Real_Property__Transfer_Tax_Seismic_Refunds.aspx,https://www.yelp.com/search?find_desc=Seismic+Retrofit&find_loc=Berkeley%2C+CA,https://www.cityofberkeley.info/uploadedFiles/Online_Service_Center/Level_3_-_General/SeismicRetroProgramGuidelinesAug2011.pdf,https://www.bayarearetrofit.com/,https://www.cityofberkeley.info/softstory/,https://www.bayarearetrofit.com/berkeley-seismic-retrofit/,https://www.berkeleyparentsnetwork.org/recommend/home/earthquake,http://www.berkeley.edu/administration/facilities/safer/findings.html,http://www.eastbayretrofit.com/,http://www.eerinc.org/?page_id=232
Berkeley bearing walls,https://www.cityofberkeley.info/Planning_and_Development/Building_and_Safety/Unreinforced_Masonry_Buildings.aspx,https://www.yelp.com/biz/simplengi-berkeley,https://www.cityofberkeley.info/uploadedFiles/Planning_and_Development/Level_3_-_Building_and_Safety/Berkeley%20SWOF%20Framework%20Guidelines%20Final.pdf,https://www.berkeleyparentsnetwork.org/recommend/home/permits,http://www.feraru.us/retaining-walls/,http://berkeleyplaques.org/e-plaque/chase-building/,https://www.atlasobscura.com/places/berkeley-mystery-walls,https://nextcity.org/daily/entry/berkeley-trump-border-wall-divest-ban-city-contracts,http://peer.berkeley.edu/publications/peru_earthquake/Site_Effects/site_effects.html,https://www.huffingtonpost.com/entry/berkeley-border-wall-contractors_us_58cc7f57e4b0be71dcf50d7b
Berkeley window Retrofitting,http://newscenter.lbl.gov/2016/02/25/berkeley-lab-scientists-developing-paint-on-coating-for-energy-efficient-windows/,https://www.berkeleyparentsnetwork.org/recommend/home/windows,http://ohp.parks.ca.gov/?page_id=25935,https://www.gsa.gov/cdnstatic/HiR_Panel_FullReport_6-13-13_508.pdf,https://www.yelp.com/search?find_desc=Earthquake+Retrofit&find_loc=Berkeley%2C+CA,https://windows.lbl.gov/,https://www.yelp.com/search?find_desc=Seismic+Retrofit&find_loc=Berkeley%2C+CA,https://eta.lbl.gov/news/article/48634/saving-70-percent-or-more-of-energy-use-in-your-home-berkeley-lab-scientists-stud,http://news.berkeley.edu/2011/09/01/memorial-stadium-renovated-with-help-of-berkeleys-own/,https://energy.gov/sites/prod/files/2014/09/f18/low_estorms_ba_webinar_sept2014.pdf
Berkeley Door installation,https://www.homeadvisor.com/c.Doors.Berkeley.CA.-12024.html,https://www.yelp.com/biz/complete-door-service-oakland,http://www.doorboy.com/,http://precisiondoor.net/locations/california/east-bay/berkeley,http://vandwpatiodoor.com/,https://www.berkeleyparentsnetwork.org/recommend/home/doors,http://www.homeadvisor.com/c.Garage-Garage-Doors.Berkeley.CA.-12036.html,http://pdsnj.com/reviews/city/berkeley-heights,https://www.angieslist.com/companylist/us/ca/oakland/doors.htm,https://www.houzz.com/professionals/doors/c/Berkeley--CA
Berkeley framing,https://www.yelp.com/search?find_desc=Framing+Stores&find_loc=Berkeley%2C+CA,http://www.framersworkshop.com/,http://www.northberkeleyframe.com/,http://artisticpictureframing.com/,http://www.sticksframing.com/,https://www.holtonframes.com/,http://www.cheappetes.com/,https://www.framinginstitute.org/,https://www.bkstr.com/studentstoreberkeleystore/shop/diploma-frames,http://www.barbaraandersongallery.com/
Berkeley post and beam,https://www.sothebysrealty.com/eng/sales/berkeley-ca-usa,http://postandbeam.is/,http://www-inst.eecs.berkeley.edu/~ee143/fa10/lectures/Lec_08.pdf,http://dailybruin.com/2014/01/31/ucla-gymnastics-to-battle-no-22-california-in-berkeley/,http://newscenter.lbl.gov/2017/07/18/compact-energy-beam-nuclear-security/,https://peer.berkeley.edu/publications/peer_reports/reports_2007/web_PEER703_HASELTONetal.pdf,https://www.curbed.com/2017/8/11/16120738/roger-lee-midcentury-modern-architect-san-francisco-bay,https://www.bayarearetrofit.com/,https://www.solardecathlon.gov/2017/competition-team-uc-berkeley_u-denver.html,https://engineering.berkeley.edu/admissions/pathways-college
Berkeley finish carpentry,https://www.montclairconstruction.com/services/remodeling/finish-carpentry/,https://www.yelp.com/search?find_desc=Finish+Carpenter&find_loc=Oakland%2C+CA,https://www.berkeleyparentsnetwork.org/recommend/home/carpenter,http://www.homeadvisor.com/c.Carpenters.Berkeley.CA.-12010.html,https://www.thumbtack.com/ca/berkeley/carpenters/,http://www.jettonconstruction.com/team-profiles/,https://charlestonbusiness.com/news/construction/71982/,https://www.thumbtack.com/ca/oakland/finish-carpentry/,https://www.localwise.com/job/3867-carpenter/19284-fb-designbuild-inc-berkeley-ca,http://agency.governmentjobs.com/berkeley/default.cfm?action=viewclassspec&classSpecID=105994&agency=1568&viewOnly=yes
Berkeley hardwood flooring,http://www.tulipfloors.com/,http://www.floordimensions.com/,https://www.amberflooring.com/,https://www.berkeleyparentsnetwork.org/recommend/home/hwfloors,http://www.macbeath.com/,https://www.homeadvisor.com/tloc/Berkeley-CA/Wood-Flooring-Refinish/,http://trippsfloorsanding.com/,https://www.yelp.com/biz/tulip-hardwood-floors-richmond,https://www.thumbtack.com/ca/berkeley/hardwood-floor-refinishing/,https://www.yelp.com/biz/swirsdings-floor-service-berkeley
Berkeley tile,http://www.importtile.com/,https://www.tile-shop.com/,https://www.homedepot.com/p/Merola-Tile-Berkeley-Blue-17-5-8-in-x-17-5-8-in-Ceramic-Floor-and-Wall-Tile-11-1-sq-ft-case-FPEBRKB/207175574,https://www.tile-shop.com/location_folder/berkeleytileshop.html,http://www.walkerzanger.com/showroom-dealer/ca-berkeley.php,http://www.berkeleydesigncenter.com/,http://italics.org/v2/,https://www.yelp.com/search?find_desc=Tile+Installation&find_loc=Berkeley%2C+CA,http://www.berkeleydesigncenter.com/stone_tile.html,https://www.yelp.com/biz/tileshop-berkeley
Berkeley sheetrock,https://www.yelp.com/search?find_desc=Drywall+Contractor&find_loc=Berkeley%2C+CA,https://www.homeadvisor.com/c.Drywall-Plaster.Berkeley.CA.-12025.html,https://www.yelp.com/biz/jr-drywall-emeryville,https://www.berkeleyparentsnetwork.org/recommend/home/drywall,https://www.cityofberkeley.info/PlantDebris/,https://www.usg.com/content/dam/USG_Marketing_Communications/united_states/product_promotional_materials/finished_assets/sheetrock-brand-compliance-W2.pdf,https://www.cityofberkeley.info/Planning_and_Development/Building_and_Safety/Building_Codes.aspx,https://porch.com/berkeley-ca/painters/eduardo-and-joses-paz-garcia-painting/pp,http://www.westsidebmc.com/locations/oakland-ca.aspx,http://www.co.contra-costa.ca.us/depart/cd/recycle/options/v5049.htm
Berkeley paint,http://www.ecohomeimprovement.com/,https://www.yelp.com/biz/paint-nite-berkeley,https://berkeley.certapro.com/,http://www.brushstrokestudio.com/,https://www.platinum-autobody.com/,http://paintstore.benjaminmoore.com/stores/us/ca/berkeley/orchard-supply-hardware,https://www.eastbaypaintcenter.com/,https://aprecruit.berkeley.edu/apply/JPF01525,https://www.cityofberkeley.info/adventureplayground,http://paintstore.benjaminmoore.com/stores/us/nj/berkeley-heights/berkeley-hardware?lang=en_US
Berkeley electrical,https://www.berkeleyelectric.coop/,https://eecs.berkeley.edu/,https://www.berkeleyelectric.coop/content/contact-us,http://grad.berkeley.edu/program/eecs/,https://www.berkeleyelectric.coop/content/payment-options,https://engineering.berkeley.edu/academics/undergraduate-programs/electrical-engineering-computer-sciences,http://www.berkeleyelectric.com/,http://www.homeadvisor.com/c.Electrical.Berkeley.CA.-12026.html,http://guide.berkeley.edu/undergraduate/degree-programs/electrical-engineering-computer-sciences-business-administration/,https://becsc.smarthub.coop/
Berkeley restoration,http://www.restorationdesigngroup.com/,http://www.fourthstreetshop.com/pages/restoration.html,http://ced.berkeley.edu/courses/riverrestoration/,http://strawberrycreek.berkeley.edu/,http://www.cairestoration.com/,http://news.berkeley.edu/2017/05/08/study-refutes-findings-behind-challenge-to-sierra-nevada-forest-restoration/,https://riverlab.berkeley.edu/index.php/2017/11/13th-annual-berkeley-river-restoration-symposium/,https://www.yelp.com/search?find_desc=Restoration+Hardware+Outlet&find_loc=Berkeley%2C+CA,http://www.rejuvenation.com/stores/en/berkeley,https://www.yelp.com/biz/restoration-hardware-berkeley
Berkeley victorian,https://sf.curbed.com/2015/6/22/9947952/whoopi-goldberg-lists-berkeley-victorian-home-for-1-275m,https://english.berkeley.edu/users/44,http://history.berkeley.edu/people/victoria-frede,http://www.berkeleyside.com/2017/08/04/slice-berkeley-history-19th-century-victorian-cottage-sale/,http://berkeleyheritage.com/eastbay_then-now/blake-fulton.html,https://www.airbnb.com/rooms/960197,https://www.youtube.com/watch?v=geewRronNOw,http://blog.sfgate.com/ontheblock/2017/07/28/645k-berkeley-bungalows-before-and-after-reveals-a-true-gem/,https://americanart.si.edu/artwork/garber-house-berkeley-california-victorian-house-project-37808,http://guides.lib.berkeley.edu/subject-guide/english/victorian
Berkeley Craftsman,http://www.berkeleycraftsmen.com/,https://www.yelp.com/biz/berkeley-craftsmen-berkeley,http://www.berkeleycraftsmen.com/whoweare.html,https://www.houzz.com/pro/berkeleycraftsmen/berkeley-craftsmen-general-contractors-inc,https://www.homeaway.com/vacation-rental/p3630074,https://sf.curbed.com/2017/6/16/15821960/berkeley-craftsman-william-ratcliff-home,http://www.7x7.com/design-envy-a-berkeley-craftsman-gets-a-new-flow-2313165002.html,https://patch.com/california/berkeley/cute-1928-berkeley-craftsman-home-768-000,http://www.berkeleyhomes.com/listings/1005-sierra-gracious-northbrae-berkeley-craftsman-bungalow-just-listed/,http://blog.sfgate.com/ontheblock/2017/06/23/1910-craftsman-on-an-extra-large-lot-in-berkeleys-gourmet-ghetto-asks-1-475-million/
Berkeley Mid Century Modern,https://www.midcenturymobler.com/,https://www.yelp.com/search?find_desc=Mid+Century+Modern+Furniture&find_loc=Berkeley%2C+CA,https://sf.curbed.com/2017/9/25/16362266/berkeley-midcentury-modern-home-house,https://www.yelp.com/search?find_desc=Mid+Century+Furniture&find_loc=Berkeley%2C+CA,https://www.realtor.com/news/unique-homes/glass-house-in-berkeley/,http://blog.sfgate.com/ontheblock/2017/08/21/mid-century-modern-time-capsule-in-berkeley-is-actually-an-incredible-remodel/,https://www.curbed.com/2017/10/11/16459316/donald-and-helen-olsen-house-berkeley-ca,http://www.berkeleyside.com/2017/06/02/five-mid-century-modern-homes-see-weekend/,https://www.antiquesandmodern.com/danish-modern-warehouse/,http://modernaire.net/
Berkeley Thermador,https://www.airportappliance.com/thermador,http://www.thermador.com/dealer-locator/state/ca,https://www.berkeleyparentsnetwork.org/recommend/home/kitch-app,http://www.thermador.com/dealer-locator/state/ca/san_francisco,http://www.berkeleybuildingco.com/2017/04/10/2017-st-jude-dream-home-tickets-on-sale-now/,http://www.thermador.com/about/brisbane-purcell-murray-showroom,https://www.theappliancerepairdoctor.com/,https://www.discogs.com/label/13240-Thermidor,https://www.theappliancerepairdoctor.com/thermador-appliance-repairs/thermador-oven-repair/,https://www.yelp.com/biz/thermador-appliance-repair-san-francisco
Berkeley Viking,http://www.vikingtrader.com/,https://www.yelp.com/biz/viking-trader-berkeley,http://scandinavian.berkeley.edu/courses/viking-and-medieval-scandinavia-2/,https://www.yelp.com/search?find_desc=Viking+Stove+Repair&find_loc=Berkeley%2C+CA,http://scandinavian.berkeley.edu/people/john-lindow/,https://fieldworkbrewing.com/our-beer/vikings-lament/,http://scandinavian.berkeley.edu/,http://idviking.com/shop/university-of-california-berkeley-student-id/,https://www.youtube.com/watch?v=nVxgzJDeWoY,https://www.checkbook.org/ca/berkeley/furniture-stores/viking-trader/0py13
Berkeley Heath Tile,http://www.heathceramics.com/,https://ced.berkeley.edu/events-media/news/new-owners-of-heath-ceramics-mold-revamped-firm-from-same-classic-clay,http://www.heathceramics.com/home/pages/tile-build/designing-with-heath-tile/overstock-tile,https://www.ferrybuildingmarketplace.com/merchants/heath-ceramics/,https://archives.ced.berkeley.edu/collections/heath-brian-edith,http://www.oac.cdlib.org/findaid/ark:/13030/c8m61pj0/entire_text/,https://sf.curbed.com/2017/2/3/14475908/pottery-san-francisco-sf-ceramics,https://www.amazon.com/Tile-Makes-Room-Design-Ceramics/dp/1607747413,http://exhibits.ced.berkeley.edu/exhibits/show/edithheath/architecture,https://en.wikipedia.org/wiki/Heath_Ceramics
Berkeley Ceaserstone,http://www.berkeleydesigncenter.com/green_countertops.html,http://www.ecohomeimprovement.com/products/countertops/caesarstone/,http://www.caesarstoneus.com/how-to-buy/,https://www.granitesource.net/estimate/,https://www.berkeleyparentsnetwork.org/recommend/home/kitchcounters,https://www.yelp.com/biz/caesarstone-usa-san-leandro,http://www.clarkshomefurnishings.com/cabinetry/,https://www.youtube.com/watch?v=KZ7quHzpA2o,https://www.homedepot.com/c/SF_KB_Quartz_Countertops,http://haussmannstone.com/
